Name,Description,Location,Time,Season,Weather,Size (inches),Difficulty & Behavior,Base XP
Crimsonfish,Lives deep in the ocean but likes to lay its eggs in the warm summer water.,East Pier on The Beach. Requires level 5 fishing.,Any,Summer,Any,19-21,95 mixed,170
Angler,Uses a bioluminescent dangler to attract prey.,North of JojaMart on the wooden plank bridge. Requires level 3 fishing.,Any,Fall,Any,17-19,85 smooth,155
Legend,The king of all fish! They said he'd never be caught.,The Mountain Lake near the log. Requires level 10 fishing.,Any,Spring,Rain,49-51,110 mixed,195
Glacierfish,Builds a nest on the underside of glaciers.,South end of Arrowhead Island in Cindersap Forest. Requires level 6 fishing.,Any,Winter,Any,26-28,100 mixed,180
Mutant Carp,The strange waters of the sewer turned this carp into a monstrosity.,The Sewers,Any,All Seasons,Any,35-37,80 dart,145